-- phpMyAdmin SQL Dump
-- version 4.8.4
-- https://www.phpmyadmin.net/
--
-- Servidor: 127.0.0.1:3306
-- Tiempo de generaci贸n: 31-08-2019 a las 05:14:54
-- Versi贸n del servidor: 5.7.24
-- Versi贸n de PHP: 7.2.14

SET SQL_MODE = "NO_AUTO_VALUE_ON_ZERO";
SET AUTOCOMMIT = 0;
START TRANSACTION;
SET time_zone = "+00:00";


/*!40101 SET @OLD_CHARACTER_SET_CLIENT=@@CHARACTER_SET_CLIENT */;
/*!40101 SET @OLD_CHARACTER_SET_RESULTS=@@CHARACTER_SET_RESULTS */;
/*!40101 SET @OLD_COLLATION_CONNECTION=@@COLLATION_CONNECTION */;
/*!40101 SET NAMES utf8mb4 */;

--
-- Base de datos: `prueba2_laravel`
--

-- --------------------------------------------------------

--
-- Estructura de tabla para la tabla `hobbies`
--

DROP TABLE IF EXISTS `hobbies`;
CREATE TABLE IF NOT EXISTS `hobbies` (
  `id` int(255) NOT NULL AUTO_INCREMENT,
  `user_id` int(255) DEFAULT NULL,
  `name` varchar(255) DEFAULT NULL,
  `description` text,
  `created_at` datetime DEFAULT NULL,
  `updated_at` datetime DEFAULT NULL,
  PRIMARY KEY (`id`),
  KEY `fk_hobbies_users` (`user_id`)
) ENGINE=InnoDB AUTO_INCREMENT=13 DEFAULT CHARSET=latin1;

--
-- Volcado de datos para la tabla `hobbies`
--

INSERT INTO `hobbies` (`id`, `user_id`, `name`, `description`, `created_at`, `updated_at`) VALUES
(1, 4, 'Jugar Futboll', 'Deporte de contacto', '2019-08-25 21:19:39', '2019-08-31 03:00:00'),
(2, 4, 'Tennis', 'Hermoso', '2019-08-25 21:44:22', '2019-08-31 03:09:24'),
(3, 4, 'Baloncesto', 'Deporte de mucha concentraci贸n', '2019-08-25 21:53:23', '2019-08-31 02:57:38'),
(4, 4, 'Ciclismo', 'Deporte Bello', '2019-08-25 21:56:56', '2019-08-25 21:56:56'),
(5, 4, 'Billar', 'Deporte de Precion', '2019-08-25 22:26:30', '2019-08-25 22:26:30'),
(7, 4, 'Natacion', 'Deporte de Mucha aire', '2019-08-25 22:40:30', '2019-08-25 22:40:30'),
(8, 4, 'Canotaje', 'Deporte de Agilidad', '2019-08-25 22:49:31', '2019-08-26 16:17:31'),
(9, 5, 'Atletismo', 'Deporte', '2019-08-26 01:28:24', '2019-08-31 05:04:21'),
(10, 4, 'Ciclismo', 'Deporte de moda', '2019-08-26 15:56:41', '2019-08-30 23:16:55'),
(12, 4, 'nadar', 'Hermoso deporte', '2019-08-30 00:17:41', '2019-08-30 00:17:41');

-- --------------------------------------------------------

--
-- Estructura de tabla para la tabla `migrations`
--

DROP TABLE IF EXISTS `migrations`;
CREATE TABLE IF NOT EXISTS `migrations` (
  `id` int(10) UNSIGNED NOT NULL AUTO_INCREMENT,
  `migration` varchar(255) COLLATE utf8mb4_unicode_ci NOT NULL,
  `batch` int(11) NOT NULL,
  PRIMARY KEY (`id`)
) ENGINE=MyISAM AUTO_INCREMENT=15 DEFAULT CHARSET=utf8mb4 COLLATE=utf8mb4_unicode_ci;

--
-- Volcado de datos para la tabla `migrations`
--

INSERT INTO `migrations` (`id`, `migration`, `batch`) VALUES
(13, '2019_08_27_193141_create_roles_table', 1),
(14, '2019_08_27_193702_create_role_user_table', 1);

-- --------------------------------------------------------

--
-- Estructura de tabla para la tabla `password_resets`
--

DROP TABLE IF EXISTS `password_resets`;
CREATE TABLE IF NOT EXISTS `password_resets` (
  `email` varchar(255) COLLATE utf8mb4_unicode_ci NOT NULL,
  `token` varchar(255) COLLATE utf8mb4_unicode_ci NOT NULL,
  `created_at` timestamp NULL DEFAULT NULL
) ENGINE=MyISAM DEFAULT CHARSET=utf8mb4 COLLATE=utf8mb4_unicode_ci;

-- --------------------------------------------------------

--
-- Estructura de tabla para la tabla `roles`
--

DROP TABLE IF EXISTS `roles`;
CREATE TABLE IF NOT EXISTS `roles` (
  `id` int(10) UNSIGNED NOT NULL AUTO_INCREMENT,
  `name` varchar(255) COLLATE utf8mb4_unicode_ci NOT NULL,
  `description` varchar(255) COLLATE utf8mb4_unicode_ci NOT NULL,
  `created_at` timestamp NULL DEFAULT NULL,
  `updated_at` timestamp NULL DEFAULT NULL,
  PRIMARY KEY (`id`)
) ENGINE=MyISAM AUTO_INCREMENT=3 DEFAULT CHARSET=utf8mb4 COLLATE=utf8mb4_unicode_ci;

--
-- Volcado de datos para la tabla `roles`
--

INSERT INTO `roles` (`id`, `name`, `description`, `created_at`, `updated_at`) VALUES
(1, 'admin', 'Administrador', '2019-08-28 07:31:35', '2019-08-28 07:31:35'),
(2, 'user', 'Usuario Normal', '2019-08-28 07:31:35', '2019-08-28 07:31:35');

-- --------------------------------------------------------

--
-- Estructura de tabla para la tabla `role_user`
--

DROP TABLE IF EXISTS `role_user`;
CREATE TABLE IF NOT EXISTS `role_user` (
  `id` int(10) UNSIGNED NOT NULL AUTO_INCREMENT,
  `user_id` int(10) UNSIGNED NOT NULL,
  `role_id` int(10) UNSIGNED NOT NULL,
  `created_at` timestamp NULL DEFAULT NULL,
  `updated_at` timestamp NULL DEFAULT NULL,
  PRIMARY KEY (`id`)
) ENGINE=MyISAM AUTO_INCREMENT=14 DEFAULT CHARSET=utf8mb4 COLLATE=utf8mb4_unicode_ci;

--
-- Volcado de datos para la tabla `role_user`
--

INSERT INTO `role_user` (`id`, `user_id`, `role_id`, `created_at`, `updated_at`) VALUES
(1, 18, 1, NULL, NULL),
(2, 19, 2, NULL, NULL),
(10, 4, 1, NULL, NULL),
(11, 5, 2, NULL, NULL),
(13, 29, 1, NULL, NULL);

-- --------------------------------------------------------

--
-- Estructura de tabla para la tabla `users`
--

DROP TABLE IF EXISTS `users`;
CREATE TABLE IF NOT EXISTS `users` (
  `id` int(255) NOT NULL AUTO_INCREMENT,
  `role` varchar(20) DEFAULT NULL,
  `name` varchar(100) DEFAULT NULL,
  `username` varchar(200) DEFAULT NULL,
  `email` varchar(120) DEFAULT NULL,
  `city` varchar(255) DEFAULT NULL,
  `hobbies` varchar(255) DEFAULT NULL,
  `password` varchar(255) DEFAULT NULL,
  `created_at` datetime DEFAULT NULL,
  `updated_at` datetime DEFAULT NULL,
  `remember_token` varchar(255) DEFAULT NULL,
  PRIMARY KEY (`id`)
) ENGINE=InnoDB AUTO_INCREMENT=30 DEFAULT CHARSET=latin1;

--
-- Volcado de datos para la tabla `users`
--

INSERT INTO `users` (`id`, `role`, `name`, `username`, `email`, `city`, `hobbies`, `password`, `created_at`, `updated_at`, `remember_token`) VALUES
(4, 'Admin', 'Sandor', 'sanditor', 'sanditor@sanditor.com', 'Bogota', 'Jugar Baloncesto', '$2y$10$Del1t0VOu37RjhfXHJe8su9w16xMr5Idimz9rzaGAfsfy1m7tRvyG', '2019-08-25 18:57:49', '2019-08-28 01:14:08', 'tTjnbiq5Zbe0UcqLAk2EcSGvWfz51PrfCx8q6JywFG3n0UdMkILTVexSOBkx'),
(5, 'User', 'Carlos', 'Carlos', 'carlitos@carlitos.com', 'Bogota', 'Montar cicla', '$2y$10$HjmHnoqEIRQU1d8Ixomlru5waTgK3n2uMnQKZsttdUBp6La5CIAf2', '2019-08-25 22:57:12', '2019-08-29 19:09:19', 'sCQNPX7geZhRVd57US35KFmSx2qslPNAAajtfYL1lNSIFq54oIGSxFP9RJ4O'),
(19, 'User', 'User', 'Usuario', 'user@user.com', 'Bogota', 'Estudiar', '$2y$10$2iZ.Gno.1nxlenYx6tseDOps/tcsbOChvq0QpQY80RC19a9MaLSfC', '2019-08-28 02:31:36', '2019-08-28 02:31:36', 'X1n8PG8Qc5eQkWUytJKFOC5IKKxnDxz92EKhP5NovpxbCuR47Cw1wV1YJh0s'),
(29, 'Admin', 'santi', 'Santiago', 'santi@santi.com', 'Bogota', 'Dormir y comer', '$2y$10$F4p2mzx9SkA3TbT1UvHYyee1Gy5gPNHhgZcCzz8Hl4S/9w4Oslp/m', '2019-08-29 20:20:20', '2019-08-29 20:20:20', NULL);

--
-- Restricciones para tablas volcadas
--

--
-- Filtros para la tabla `hobbies`
--
ALTER TABLE `hobbies`
  ADD CONSTRAINT `fk_hobbies_users` FOREIGN KEY (`user_id`) REFERENCES `users` (`id`);
COMMIT;

/*!40101 SET CHARACTER_SET_CLIENT=@OLD_CHARACTER_SET_CLIENT */;
/*!40101 SET CHARACTER_SET_RESULTS=@OLD_CHARACTER_SET_RESULTS */;
/*!40101 SET COLLATION_CONNECTION=@OLD_COLLATION_CONNECTION */;
